titulo,descricao,id_video,canal
SEMPRE TIVE VERGONHA DE PAGAR UM SAL√ÅRIO M√çNIMO!,"OL√Å, PESSOAS! Eu sempre acreditei que ningu√©m faz nada sozinho e o melhor caminho para um time vestir verdadeiramente a ...",qsASiu4Z-XM,Geraldo Rufino
A arte de ser gentil consigo mesmo!,A arte de ser gentil consigo mesmo! #366diasdemotiva√ß√£o #shorts.,rN9klQuUKyU,Geraldo Rufino
A CONTROVERSA HIST√ìRIA DA AM√âRICA LATINA LOG√çSTICA - ALL,HIST√ìRIA ALEXANDRE BEHRING - https://youtu.be/Lq5nFXpPa-I - 6 PILARES DE GEST√ÉO DE JORGE PAULO LEMANN ...,afuSnKmgor0,Passo a Passo Empreendedor
Enquanto o Marido dormia ela se divertia mas as coisas mudamüò±üíî,Enquanto o Marido dormia ela se divertia mas as coisas mudam.,-HBch7pcI2s,Fatos e Hist√≥rias
HOMEM M4T4 AMANTE GR√ÅVIDA PARA ESPOSA PASTORA N√ÉO DESCOBRIR - CRIME S/A,"Confira o caso de Antonieli Nunes Martins, que perdeu a vida pelas m√£os de seu am4nte, Gabriel Henrique Santos, em ...",h3Y4itXGTQ8,Beto Ribeiro - CANAL OFICIAL
CASOS QUE CHOCARAM O BRASIL I 1 Hora,,BEIUho9sNeQ,Planeta Novo
ACOMPANHEI A MONTAGEM DO MAIOR MOSAICO DE TORCIDA DO BRASIL!,Voc√™ sabia que os clubes n√£o pagam os mosaicos nos est√°dios? N√£o? Voc√™ tirar√° todas d√∫vidas sobre os mosaicos nesse v√≠deo ...,Vyqi-yI8HAI,Cartoloucos
Tend√™ncias da tecnologia para os pr√≥ximos anos,"Alexandre Maioral, atual CEO da Oracle Brasil, √© um profissional com mais de 25 anos de experi√™ncia no mercado de tecnologia ...",QwwV8mvaIH0,Sucesso √† Brasileira
Intelig√™ncia artificial est√° em todos os lugares,,j--buhTm_es,Sucesso √† Brasileira
Como me tornei uma bailarina profissional Minha experi√™ncia de audi√ß√£o,"Kika Lacerda, Bailarina, Advogada, Professora, Empres√°ria, Esposa. Kika, conheceu o empreendedorismo desde os 10 anos de ...",qdeBac4LPks,PodEBEM
Assista O V√≠deo Completo ‚òùÔ∏è Garota N√£o Vai √Ä Festa De Anivers√°rio Do Pai Pobre | Dhar Mann Studios,,Tx2clOdW1Ww,Dhar Mann Portugu√™s
Garota N√£o Vai √Ä Festa De Anivers√°rio Do Pai Pobre | Dhar Mann Studios,N√£o se esque√ßa de seguir o meu canal clicando aqui ‚ûû https://www.youtube.com/@dharmannportuguese?sub_confirmation=1 ...,JjMb7odZzFQ,Dhar Mann Portugu√™s
#EP04 - BRASIL DE MILH√ïES - REINALDO RABELO ( A Revolu√ß√£o das Criptomoedas na Mercado Bitcoin ),"Bem-vindos ao nosso canal, onde mergulhamos no universo das mentes por tr√°s das empresas revolucion√°rias. Hoje, temos o ...",Sk1A-2qcCxc,Brasil de milh√µes
Silvia Poppovic Fala Sobre Verdadeira Educa√ß√£o Financeira #√çconesdaTV  #Empreendedorismo,Gostou e quer assistir mais epis√≥dios? Ent√£o curta esse v√≠deo e segue a gente nas plataformas de streamings tamb√©m!,IDjF0XQg6TA,Empreendedora no Div√£
O que voc√™ tem que saber antes de vir para o Jap√£o - CastBrothers #273,"A foi abordado nesse podcast tudo que voc√™ precisa saber para vir para o Jap√£o, n√£o perca esse papo super descontra√≠do e ...",J2jks_w-Q-0,CastBrothers Podcast
Oficina Estrat√©gias de Divulga√ß√£o para Empreendedores Ind√≠genas,"Oficina Estrat√©gias de Divulga√ß√£o para Empreendedores Ind√≠genas Facilitadora: Natalia dos Santos Moraes, da etnia Mapu√° ...",AdRogw_A6E8,BDB Cultural
Podcast Falla√≠ ep.16 - Cau√£ Reymond  #podcast #entrevista #fallaipodcast,"Neste epis√≥dio tivemos uma conversa com o ator e produtor Cau√£ Reymond, onde ele compartilhou insights sobre a import√¢ncia ...",5mRTkCLHps4,Acelera√≠
"&quot;NaÃÉo daÃÅ para cassar o camarada na base da busca do &#39;pelo em ovo&#39;&quot;, diz Oinegue sobre Moro #shorts","""N√£o d√° para cassar o camarada na base da busca do 'pelo em ovo'"", diz Oinegue sobre resultado do julgamento do TRE-PR ...",C092cYc0xKQ,Band Jornalismo
Confira os destaques do Jornal da Band desta quarta-feira (10),,MPCW04iifLw,Band Jornalismo
Biden diz que Benjamin Netanyahu est√° cometendo ‚Äòum erro‚Äô em Gaza,Presidente dos Estados Unidos declarou em uma entrevista que achou ‚Äúultrajante‚Äù o ataque israelense contra o comboio ...,ZuTbh9W-ynE,Band Jornalismo
Adriana Ara√∫jo cita frase de Oprah: &#39;Nunca se sinta pequena onde voc√™ est√°&#39; #shorts,"'Oprah √© magn√©tica', diz Adriana Ara√∫jo ap√≥s Legends In Town. Jornalista cita frase de apresentadora, que disse: 'Nunca se ...",k79DR_KY3Lw,Band Jornalismo
Cavalo invade esta√ß√£o de trem na Austr√°lia,Passageiros de uma linha de trem na Austr√°lia levaram um susto:/ um cavalo invadiu a plataforma! Era quase meia-noite em ...,5bpcIw5_RG8,Band Jornalismo
Sindicato de policiais da Alemanha reclama da escassez de uniformes,"Sindicato de policiais do estado da Baviera, no sul da Alemanha, reclama da escassez de uniformes na corpora√ß√£o e divulga ...",iEGJJ8nqZDA,Band Jornalismo
"&quot;N√£o d√° para cassar na base da busca do &#39;pelo em ovo&#39;&quot;, diz Oinegue sobre Moro","""N√£o d√° para cassar o camarada na base da busca do 'pelo em ovo'"", diz Oinegue sobre resultado do julgamento do TRE-PR ...",pbfWyaoZT6g,Band Jornalismo
√Årea de escape j√° evitou 224 acidentes em rodovia no Sul | Jornal da Band,A √°rea de escape na rodovia que liga os estados do Paran√° e Santa Catarina tem evitado acidentes principalmente envolvendo ...,5SQyjd6xQA4,Band Jornalismo
Joe Biden declara que Israel cometeu &#39;erro em Gaza&#39; | Jornal da Band,"O presidente dos Estados Unidos, Joe Biden, fez cr√≠ticas mais duras ao primeiro-ministro Benjamin Netanyahu Canal Principal ...",wAlKdvRA_dQ,Band Jornalismo
Governo prorroga isen√ß√£o de vistos para turistas dos EUA | Jornal da Band,"O setor do turismo comemora a prorroga√ß√£o da isen√ß√£o de visto para turistas dos Estados Unidos, Canad√° e Austr√°lia entrarem ...",46JcAnw9_NQ,Band Jornalismo
Justi√ßa nega exuma√ß√£o do corpo de Gal Costa | Jornal da Band,"A Justi√ßa negou o pedido de exuma√ß√£o do corpo de Gal Costa, mas pediu investiga√ß√£o das circunst√¢ncias da morte da cantora.",eDERb3i-RpM,Band Jornalismo
Justi√ßa Eleitoral do PR decide pela n√£o cassa√ß√£o de Sergio Moro | Jornal da Noite,"Por 5 votos a 2, a Justi√ßa Eleitoral do Paran√° decidiu n√£o cassar o mandato do senador Sergio Moro Canal Principal ...",iezSW4Po9AU,Band Jornalismo
Gaza: Netanyahu diz que a invas√£o de Rafah est√° mantida | Jornal da Noite,"Apesar de toda a press√£o internacional, o premier de Israel, Benjamin Netanyahu, voltou a falar no ataque a Rafah, cidade que ...",Uq97h7abCjM,Band Jornalismo
C√¢mara dos Deputados aprova manuten√ß√£o da pris√£o de Chiquinho Braz√£o | Jornal da Band,"O Plen√°rio da C√¢mara aprovou o parecer favor√°vel √† pris√£o deputado Chiquinho Braz√£o, preso desde o dia 24 de mar√ßo sob ...",0GS-JE6uxu4,Band Jornalismo
Criminosos usam avi√£o clonado para traficar drogas para o Brasil | Jornal da Band,"De carro e moto clonada voc√™ j√° ouviu falar, n√©? ? E de avi√£o clonado? O monomotor carregado de coca√≠na que a For√ßa A√©rea ...",ij4pSxQ7GNo,Band Jornalismo
Estudante morre durante tiroteio entre milicianos no RJ | Jornal da Noite,"A pol√≠cia est√° atr√°s de milicianos que entraram em confronto na Baixada Fluminense. Um estudante morreu no tiroteio, uma ...",X3W8aoxThqQ,Band Jornalismo
BandNews em 2 minutos (10/04/24 - Manh√£) Pris√£o de Braz√£o vai ao plen√°rio da C√¢mara hoje,"O presidente da C√¢mara, Arthur Lira, decidiu levar ao plen√°rio o pedido de pris√£o do deputado Chiquinho Braz√£o, logo ap√≥s a ...",MCNrfQx9628,Band Jornalismo
Teto de shopping center desaba em Recife | BandNews TV,"Devido as fortes chuvas parte do teto da pra√ßa de alimenta√ß√£o do shopping tacaruna, no Recife, desabou. No momento da ...",12mQwROjjyg,Band Jornalismo
China diz n√£o aceitar press√£o sobre rela√ß√£o com a R√∫ssia | BandNews TV,A China deu um recado de que n√£o vai aceitar cr√≠ticas ou press√£o sobre a rela√ß√£o que tem com a R√∫ssia. Mais not√≠cias no site ...,rQrka10ZdZk,Band Jornalismo
Venda de carros 0 km cresce no primeiro trimestre de 2024 | Jornal da Band,Os brasileiros j√° compraram mais de 500 mil carros novos em 2024. O pa√≠s registrou 514.517 novos emplacamentos no primeiro ...,aoPEbcHWluA,Band Jornalismo
Novos ataques de Elon Musk repercutem em a√ß√µes no Congresso e no STF | Jornal da Noite,"Na C√¢mara, um grupo vai discutir novo projeto contra as fake news. O an√∫ncio veio ap√≥s o Supremo marcar julgamento de a√ß√µes ...",SEdsUo-IACU,Band Jornalismo
"&quot;N√£o se pode buscar a cassa√ß√£o leviana de mandatos&quot;, diz Sergio Moro | BandNews TV","O BandNews TV, entrevistou na tarde desta quarta-feira (10), com o Senador Sergio Moro, do Uni√£o Brasil do Paran√°.",tiizvoTuMBw,Band Jornalismo
"Capital &amp; Mercado - Ruy Shiozawa, CEO e co-fundador do Ecossistema Great People","O programa desta semana recebe Ruy Shiozawa, CEO e co-fundador do Ecossistema Great People. Empresa que soma a ...",TJFL2LrEl8Y,Band Jornalismo
"Infla√ß√£o surpreende e sobe para 3,5% nos Estados Unidos | BandNews TV","A infla√ß√£o nos Estados Unidos veio mais alta do que o esperado, subindo para 3,5%. Mais not√≠cias no site band.com.br Canal ...",xUdlX9zH3RQ,Band Jornalismo
Acidente na Rodovia Fern√£o Dias | Bora Brasil,Uma carreta carregada com tecidos pegou fogo esta manh√£ ap√≥s o motorista perder o controle e bater contra o canteiro central ...,XJY-W0zLPQQ,Band Jornalismo
Senado convida Elon Musk para audi√™ncia sobre redes sociais | BandNews TV,A Comiss√£o de Seguran√ßa do Senado aprovou o convite ao bilion√°rio Elon Musk para audi√™ncia sobre bloqueios de perfis em ...,kXrxY74LVOI,Band Jornalismo
Cl√°udio Humberto: CCJ decide manter pris√£o de Chiquinho Braz√£o | BandNews TV,A Comiss√£o de Constitui√ß√£o e Justi√ßa da C√¢mara dos Deputados que decidiu manter a pris√£o do deputado federal Chiquinho ...,6bCMavGXzBE,Band Jornalismo
"&quot;Resultado do IPCA foi uma surpresa positiva&quot;, diz diretor do Banco Central | Jornal da Band","Resultado do IPCA foi uma surpresa positiva"", diz Paulo Picchetti, diretor do Banco Central. Canal Principal ‚û§ @BandJornalismo ...",J4cHGOJ11e8,Band Jornalismo
Justi√ßa nega pedido de exuma√ß√£o do corpo de Gal Costa | BandNews TV,"A Justi√ßa de S√£o Paulo negou o pedido de exuma√ß√£o do corpo de Gal Costa, falecida em novembro de 2022, ap√≥s solicita√ß√£o de ...",ZJGhEgGvnwQ,Band Jornalismo
Milei vai se encontrar com Elon Musk nos Estados Unidos | BandNews TV,"O presidente da Argentina, Javier Milei, est√° nos Estados Unidos e deve se encontrar com o bilion√°rio Elon Musk. Mais not√≠cias ...",QBvxua0nJ1g,Band Jornalismo
Fernando Mitre fala sobre o novo projeto das fake news,"Novo projeto das fake news √© o tema do coment√°rio de Fernando Mitre na coluna ""A Not√≠cia"". Saiba mais em: ...",2onEEOHUJhI,Band Jornalismo
Petrobras descobre petr√≥leo na Bacia Potiguar | Bora Brasil,"A Petrobras anunciou que descobriu petr√≥leo na Bacia Potiguar, que fica entre o Cear√° e o Rio Grande do Norte Canal Principal ...",u3KhudGHs_w,Band Jornalismo
Previs√£o do tempo: quinta-feira ser√° de temporais espalhados pa√≠s | Jornal da Band,Previs√£o do tempo: quinta-feira ser√° de temporais em todo o pa√≠s. Confira: Canal Principal ‚û§ @BandJornalismo Redes ...,Vw_vy1A6QF0,Band Jornalismo
F√≠sico do &quot;b√≥son de Higgs&quot; morre aos 94 anos | Jornal da Noite,"Morreu um dos maiores nomes da f√≠sica, Peter Higgs. O cientista descobriu um elemento-chave do universo, apelidado de ...",LinWv1FHhxs,Band Jornalismo
Novo canga√ßo: um morto e dois presos ap√≥s ataques em SP | Bora Brasil,Um morre e dois suspeitos de envolvimento em ataques no interior de S√£o Paulo s√£o presos. Um dos detidos √© um ex-policial ...,ESPdlElCreA,Band Jornalismo
Sergio Moro: &quot;O TRE preservou a soberania popular | BandNews TV,Sergio Moro se pronunciou ap√≥s desembargadores do Tribunal Regional Eleitoral do Paran√° decidirem pela absolvi√ß√£o de seu ...,eKWusernXyE,Band Jornalismo
"Tubar√£o-baleia de 12m √© visto na Regi√£o dos Lagos, no RJ | Bora Brasil","Arraial do Cabo, na Regi√£o dos Lagos, no Rio de Janeiro, recebeu um visitante especial: um tubar√£o-baleia Canal Principal ...",kXT_91ctjdA,Band Jornalismo
Genoc√≠dio em Ruanda: 30 anos do massacre | Jornal da Band,"Um dos maiores genoc√≠dios da humanidade completou 30 anos. O massacre de oitocentas mil pessoas em Ruanda, na √Åfrica.",w1r1SNWAuOs,Band Jornalismo
400 kg de drogas: traficantes voltam a ser presos | BandNews TV,"Depois de soltar dois traficantes pegos com mais de quatrocentos quilos de drogas no Mato Grosso, a Justi√ßa voltou atr√°s e ...",siuEyMzoA_M,Band Jornalismo
[AO VIVO] JORNAL DA NOITE - 09/04/2024,INSCREVA-SE NO CANAL E N√ÉO PERCA NENHUMA NOT√çCIA DO BRASIL E DO MUNDO. Siga as nossas redes sociais: ...,NJYahbcbzl0,Band Jornalismo
PM √© preso em opera√ß√£o sobre morte de advogado | BandNews TV,Mais not√≠cias no site band.com.br Canal Principal ‚û§ @BandJornalismo Redes sociais: Instagram: /bandjornalismo ...,nh31eDccmc0,Band Jornalismo
Mercado BandNews: Picchetti: eleva√ß√£o de s√°larios √© efeito da pandemia,"Juliana Rosa, colunista do BandNews, comenta sobre os destaques da economia e sua entrevista com Paulo Picchetti, diretor do ...",nb16GQO2y4c,Band Jornalismo
Moro diz estar &#39;tranquilo&#39; com possibilidade de recurso no TSE | Jornal da Band,O senador Sergio Moro disse estar tranquilo com a possibilidade de recurso no Tribunal Superior Eleitoral em entrevista ao ...,OW9y8JdmniE,Band Jornalismo
Teto de shopping center desaba no Recife ap√≥s fortes chuvas,"Por causa das fortes chuvas parte do teto da pra√ßa de alimenta√ß√£o do Shopping Tacaruna, no Recife, desabou. No momento da ...",bylSeIFAFUY,Band Jornalismo
Influenciadora tem queimaduras graves por conta de desafio | BandNews TV,"Uma influenciadora teve queimaduras graves no p√©, apos um desafio com gelo, agua e sal grosso em reality na internet.",p8IrPBcdgo0,Band Jornalismo
Oprah relembra inf√¢ncia dif√≠cil e sucesso na TV no Legends in Town | Jornal da Band,A apresentadora americana Oprah Winfrey foi a estrela de um evento in√©dito em S√£o Paulo. Uma conversa inspiradora que teve ...,mIxMu2hpRM0,Band Jornalismo
Avi√£o do tr√°fico √© interceptado pela FAB | BandNews TV,Um avi√£o do tr√°fico foi interceptado pela For√ßa A√©rea Brasileira. A aeronave suspeita foi vista na fronteira do Paraguai e Mato ...,GZXC6C9NFJo,Band Jornalismo
Namorada de motorista do Porsche presta depoimento | BandNews TV,A namorada do motorista do Porsche que matou um motorista de aplicativo em S√£o Paulo prestou depoimento √† pol√≠cia.,WgIhiuKnULM,Band Jornalismo
Justi√ßa determina bloqueio de bens de Alberto Fern√°ndez | BandNews TV,A Justi√ßa Federal da Argentina determinou o bloqueio de bens e quebra do sigilo banc√°rio do ex-presidente Alberto Fern√°ndez.,9vdoQzbo_ZE,Band Jornalismo
Pol√≠cia realiza opera√ß√£o contra fac√ß√µes criminosas em 4 estados | Bora Brasil,A Pol√≠cia Civil do Rio Grande do Sul e o Minist√©rio da Justi√ßa e Seguran√ßa P√∫blica realizam opera√ß√£o contra suspeitos de ...,Z1edog70F3M,Band Jornalismo
[AO VIVO] JORNAL DA NOITE - 09/04/2024,INSCREVA-SE NO CANAL E N√ÉO PERCA NENHUMA NOT√çCIA DO BRASIL E DO MUNDO. Siga as nossas redes sociais: ...,NJYahbcbzl0,Band Jornalismo
PM √© preso em opera√ß√£o sobre morte de advogado | BandNews TV,Mais not√≠cias no site band.com.br Canal Principal ‚û§ @BandJornalismo Redes sociais: Instagram: /bandjornalismo ...,nh31eDccmc0,Band Jornalismo
Mercado BandNews: Picchetti: eleva√ß√£o de s√°larios √© efeito da pandemia,"Juliana Rosa, colunista do BandNews, comenta sobre os destaques da economia e sua entrevista com Paulo Picchetti, diretor do ...",nb16GQO2y4c,Band Jornalismo
Panda-gigante nascida na Coreia do Sul √© devolvida para China | Jornal da Noite,"Na China, a popula√ß√£o espera ansiosa para visitar o filhote de panda devolvida na semana passada pela Coreia do Sul. Fu Bao ...",iMw1LV0mW9o,Band Jornalismo
Moro diz estar &#39;tranquilo&#39; com possibilidade de recurso no TSE | Jornal da Band,O senador Sergio Moro disse estar tranquilo com a possibilidade de recurso no Tribunal Superior Eleitoral em entrevista ao ...,OW9y8JdmniE,Band Jornalismo
